{"loss": [1.4117188453674316, 0.4735713601112366, 0.2748962938785553, 0.1858513206243515, 0.13865910470485687, 0.10815859586000443, 0.08655546605587006, 0.0754348486661911, 0.06416855752468109, 0.05880998447537422], "accuracy": [0.5814496278762817, 0.8489792943000793, 0.9109609723091125, 0.9396116137504578, 0.9542357325553894, 0.964762806892395, 0.971278190612793, 0.9754747748374939, 0.978988528251648, 0.9810655117034912], "val_loss": [0.5705198645591736, 0.3052647113800049, 0.23048706352710724, 0.17868632078170776, 0.17485959827899933, 0.15605886280536652, 0.19739890098571777, 0.1781330406665802, 0.14933711290359497, 0.09031464159488678], "val_accuracy": [0.8169246315956116, 0.9012064933776855, 0.9246528744697571, 0.9407011270523071, 0.9415547251701355, 0.954245388507843, 0.9411563873291016, 0.9486114382743835, 0.9580013751983643, 0.9716025590896606]}